Workbook

Sheet README
A1: BEACON - Hardware Telemetry Log
A3: Every row in this workbook is a decoded telemetry record from a physical capture taken over USB serial from an ESP8266 bench rig.
A4: Source files are committed in the repository under data/interim/ and replay through the pipeline on demand. Nothing here was generated for presentation.
A6: Provenance of each sheet
A7: Sheet | B7: Source file | C7: What it establishes
A8: Stage B - V and I | B8: data/interim/rig_stage_b_voltage_verified.txt | C8: MEASURED: terminal voltage and current from a real cell
A9: Demo - Temperature | B9: data/interim/rig_demo.txt | C9: MEASURED: cell-surface temperature from an LM35
A10: Stage A - Transport | B10: data/interim/rig_stage_a.txt | C10: SYNTHETIC values on real hardware - transport only, not measurement
A11: Timing | B11: computed from the above | C11: Sample interval, jitter, dropped samples
A12: Summary | B12: computed from the above | C12: Per-channel statistics
A15: Read this before quoting any number from Stage A
A16: The Stage A firmware ran synthetic sensor stubs. Its voltage, current and temperature values were generated on the microcontroller and carried over a real wire. That capture validates the transport - framing, checksums, sentinel resync, time monotonicity - and establishes nothing about measurement accuracy.
A20: Wire protocol
A21: Schema beacon.telemetry.v1. Each line: sentinel BEACON1, record type, JSON body, then an NMEA-style XOR checksum as *HH. A line carrying a checksum must verify or the record is refused. Only the time field 't' is structurally required; a channel the rig cannot measure is omitted, not zero-filled.
A25: Units
A26: t | B26: seconds since firmware boot (elapsed time only - no wall-clock axis)
A27: v | B27: volts, cell terminal voltage (INA219 bus channel, 4 mV LSB)
A28: i | B28: amperes, SIGNED - negative is discharge, positive is charge
A29: tc | B29: degrees Celsius, cell surface temperature
A30: soc | B30: percent, 0-100, coulomb-counting estimate

Sheet Stage B - V and I
A1: Stage B - V and I
A2: INA219 fitted. Voltage and current measured from a physical 18650. Temperature sensor absent, so the rig did not declare that channel.
A5: Rig declaration (HELLO line)
A6: schema | B6: beacon.telemetry.v1
A7: cell_id | B7: RIG_01
A8: device | B8: esp8266
A9: firmware | B9: beacon-rig-reference/1.0
A10: period_ms | B10: 1000
A11: capacity_ah | B11: 2.2
A12: fields | B12: t, v, i, soc
A14: Status lines emitted by the rig
A15: INA219 ready at 0x40
A16: no temperature sensor: A0 reads 8.3 counts (2.6 C) - channel not declared
A17: rig started
A18: temperature channel unavailable: LM35 raw=8.8 counts (2.8 C), below 5.0 C floor - check wiring
A20: Sample # | B20: Elapsed (s) | C20: Voltage (V) | D20: Current (A) | E20: SOC (%) | F20: Checksum | G20: Interval (s)
A21: 1 | B21: 0.225 | C21: 3.988 | D21: 0.0002 | E21: 100 | F21: *02
A22: 2 | B22: 1.225 | C22: 3.988 | D22: -0.0002 | E22: 100 | F22: *2E | G22: =B22-B21
A23: 3 | B23: 2.225 | C23: 3.988 | D23: 0 | E23: 100 | F23: *02 | G23: =B23-B22
A24: 4 | B24: 3.225 | C24: 3.984 | D24: -0.0002 | E24: 100 | F24: *20 | G24: =B24-B23
A25: 5 | B25: 4.225 | C25: 3.984 | D25: 0 | E25: 100 | F25: *08 | G25: =B25-B24
A26: 6 | B26: 5.225 | C26: 3.988 | D26: 0 | E26: 100 | F26: *05 | G26: =B26-B25
A27: 7 | B27: 6.225 | C27: 3.988 | D27: -0.0002 | E27: 100 | F27: *29 | G27: =B27-B26
A28: 8 | B28: 7.225 | C28: 3.984 | D28: 0.0002 | E28: 100 | F28: *09 | G28: =B28-B27
A29: 9 | B29: 8.225 | C29: 3.988 | D29: 0 | E29: 100 | F29: *08 | G29: =B29-B28
A30: 10 | B30: 9.225 | C30: 3.988 | D30: 0 | E30: 100 | F30: *09 | G30: =B30-B29
A31: 11 | B31: 10.225 | C31: 3.988 | D31: -0.0002 | E31: 100 | F31: *1E | G31: =B31-B30
A32: 12 | B32: 11.225 | C32: 3.988 | D32: 0 | E32: 100 | F32: *30 | G32: =B32-B31
A33: 13 | B33: 12.225 | C33: 3.984 | D33: 0.0002 | E33: 100 | F33: *3D | G33: =B33-B32
... A103: 83 | B103: 82.225 | C103: 3.988 | D103: 0 | E103: 100 | F103: *3A | G103: =B103-B102

Sheet Demo - Temperature
A1: Demo - Temperature
A2: LM35 fitted and working. INA219 off the I2C bus at capture time, so voltage and current were refused rather than reported as zero.
A5: Rig declaration (HELLO line)
A6: schema | B6: beacon.telemetry.v1
A7: cell_id | B7: RIG_01
A8: device | B8: esp8266
A9: firmware | B9: beacon-rig-reference/1.0
A10: period_ms | B10: 1000
A11: capacity_ah | B11: 2.2
A12: fields | B12: t, tc
A14: Status lines emitted by the rig
A15: INA219 not responding on I2C 0x40 - voltage and current refused
A16: LM35 ready on A0
A17: rig started
A18: temperature channel available
A20: Sample # | B20: Elapsed (s) | C20: Temperature (C) | D20: Checksum | E20: Interval (s)
A21: 1 | B21: 0.201 | C21: 32.178 | D21: *75
A22: 2 | B22: 1.201 | C22: 32.197 | D22: *75 | E22: =B22-B21
A23: 3 | B23: 2.201 | C23: 32.197 | D23: *76 | E23: =B23-B22
A24: 4 | B24: 3.201 | C24: 32.188 | D24: *79 | E24: =B24-B23
A25: 5 | B25: 4.201 | C25: 32.188 | D25: *7E | E25: =B25-B24
A26: 6 | B26: 5.201 | C26: 32.188 | D26: *7F | E26: =B26-B25
A27: 7 | B27: 6.201 | C27: 32.188 | D27: *7C | E27: =B27-B26
A28: 8 | B28: 7.201 | C28: 32.168 | D28: *73 | E28: =B28-B27
A29: 9 | B29: 8.201 | C29: 32.168 | D29: *7C | E29: =B29-B28
A30: 10 | B30: 9.201 | C30: 32.178 | D30: *7C | E30: =B30-B29
A31: 11 | B31: 10.201 | C31: 32.178 | D31: *44 | E31: =B31-B30
A32: 12 | B32: 11.201 | C32: 32.178 | D32: *45 | E32: =B32-B31
A33: 13 | B33: 12.201 | C33: 32.139 | D33: *43 | E33: =B33-B32
... A105: 85 | B105: 84.201 | C105: 32.178 | D105: *49 | E105: =B105-B104

Sheet Stage A - Transport
A1: Stage A - Transport
A2: SYNTHETIC SENSOR VALUES. Stub firmware on real silicon: this capture validates framing, checksums and timing, NOT any measurement.
A5: Rig declaration (HELLO line)
A6: schema | B6: beacon.telemetry.v1
A7: cell_id | B7: RIG_01
A8: device | B8: esp8266
A9: firmware | B9: beacon-rig-reference/1.0
A10: period_ms | B10: 1000
A11: capacity_ah | B11: 2
A12: fields | B12: t, v, i, tc, soc
A14: Status lines emitted by the rig
A15: rig started
A17: Sample # | B17: Elapsed (s) | C17: Voltage (V) | D17: Current (A) | E17: Temperature (C) | F17: SOC (%) | G17: Checksum | H17: Interval (s)
A18: 1 | B18: 0.101 | C18: 4.149 | D18: -1.5 | E18: 25.005 | F18: 99.98 | G18: *03
A19: 2 | B19: 1.101 | C19: 4.1394 | D19: -1.5 | E19: 25.055 | F19: 99.96 | G19: *0A | H19: =B19-B18
A20: 3 | B20: 2.101 | C20: 4.1299 | D20: -1.5 | E20: 25.105 | F20: 99.94 | G20: *03 | H20: =B20-B19
A21: 4 | B21: 3.101 | C21: 4.1203 | D21: -1.5 | E21: 25.155 | F21: 99.92 | G21: *02 | H21: =B21-B20
A22: 5 | B22: 4.101 | C22: 4.1107 | D22: -1.5 | E22: 25.205 | F22: 99.9 | G22: *06 | H22: =B22-B21
A23: 6 | B23: 5.101 | C23: 4.1011 | D23: -1.5 | E23: 25.255 | F23: 99.88 | G23: *0D | H23: =B23-B22
A24: 7 | B24: 6.101 | C24: 4.0915 | D24: -1.5 | E24: 25.305 | F24: 99.85 | G24: *0B | H24: =B24-B23
A25: 8 | B25: 7.101 | C25: 4.0819 | D25: -1.5 | E25: 25.355 | F25: 99.83 | G25: *04 | H25: =B25-B24
A26: 9 | B26: 8.101 | C26: 4.0724 | D26: -1.5 | E26: 25.405 | F26: 99.81 | G26: *0A | H26: =B26-B25
A27: 10 | B27: 9.101 | C27: 4.0628 | D27: -1.5 | E27: 25.455 | F27: 99.79 | G27: *04 | H27: =B27-B26
A28: 11 | B28: 10.101 | C28: 4.0532 | D28: -1.5 | E28: 25.505 | F28: 99.77 | G28: *3E | H28: =B28-B27
A29: 12 | B29: 11.101 | C29: 4.0436 | D29: -1.5 | E29: 25.555 | F29: 99.75 | G29: *3D | H29: =B29-B28
A30: 13 | B30: 12.101 | C30: 4.034 | D30: -1.5 | E30: 25.605 | F30: 99.73 | G30: *38 | H30: =B30-B29
... A168: 151 | B168: 150.101 | C168: 3.2875 | D168: 0.75 | E168: 25.75 | F168: 97.82 | G168: *2D | H168: =B168-B167

Sheet Timing
A1: Sampling interval and jitter
A2: The rig samples on a fixed schedule set by SAMPLE_PERIOD_MS. These figures are computed from the elapsed-time field of each capture, not asserted.
A5: Capture | B5: Records | C5: Duration (s) | D5: Nominal period (s) | E5: Mean interval (s) | F5: Std dev (s) | G5: Min (s) | H5: Max (s) | I5: Dropped
A6: Stage B - V and I | B6: =COUNT('Stage B - V and I'!B21:B103) | C6: ='Stage B - V and I'!B103-'Stage B - V and I'!B21 | D6: 1 | E6: =AVERAGE('Stage B - V and I'!G22:G103) | F6: =STDEV('Stage B - V and I'!G22:G103) | G6: =MIN('Stage B - V and I'!G22:G103) | H6: =MAX('Stage B - V and I'!G22:G103) | I6: =COUNTIF('Stage B - V and I'!G22:G103,">1.5")
A7: Demo - Temperature | B7: =COUNT('Demo - Temperature'!B21:B105) | C7: ='Demo - Temperature'!B105-'Demo - Temperature'!B21 | D7: 1 | E7: =AVERAGE('Demo - Temperature'!E22:E105) | F7: =STDEV('Demo - Temperature'!E22:E105) | G7: =MIN('Demo - Temperature'!E22:E105) | H7: =MAX('Demo - Temperature'!E22:E105) | I7: =COUNTIF('Demo - Temperature'!E22:E105,">1.5")
A8: Stage A - Transport | B8: =COUNT('Stage A - Transport'!B18:B168) | C8: ='Stage A - Transport'!B168-'Stage A - Transport'!B18 | D8: 1 | E8: =AVERAGE('Stage A - Transport'!H19:H168) | F8: =STDEV('Stage A - Transport'!H19:H168) | G8: =MIN('Stage A - Transport'!H19:H168) | H8: =MAX('Stage A - Transport'!H19:H168) | I8: =COUNTIF('Stage A - Transport'!H19:H168,">1.5")
A11: Link budget
A12: Serial link 9600 baud, 8N1. One JSON record is approximately 72 bytes, or 720 bits on the wire, so a record occupies about 75 ms of a 1000 ms sample period - roughly 7.5% channel utilisation. The binding limit on sample rate is the sensor, not the link.
A16: Why the baud rate is 9600 and not the project default of 115200
A17: The CH340 USB-serial bridge on this board accepts only 9600 and 19200 baud; 38400 and above are refused at the driver level. Diagnosed by probing the baud ladder. Applied as a build-time override so the repository default stays 115200.

Sheet Summary
A1: Per-channel statistics
A2: Computed by formula from the capture sheets, so the figures recalculate with the data.
A4: Capture | B4: Channel | C4: Unit | D4: n | E4: Mean | F4: Min | G4: Max | H4: Std dev
A5: Stage B - V and I | B5: Terminal voltage | C5: V | D5: =COUNT('Stage B - V and I'!C21:C103) | E5: =AVERAGE('Stage B - V and I'!C21:C103) | F5: =MIN('Stage B - V and I'!C21:C103) | G5: =MAX('Stage B - V and I'!C21:C103) | H5: =STDEV('Stage B - V and I'!C21:C103)
A6: Stage B - V and I | B6: Current, signed | C6: A | D6: =COUNT('Stage B - V and I'!D21:D103) | E6: =AVERAGE('Stage B - V and I'!D21:D103) | F6: =MIN('Stage B - V and I'!D21:D103) | G6: =MAX('Stage B - V and I'!D21:D103) | H6: =STDEV('Stage B - V and I'!D21:D103)
A7: Stage B - V and I | B7: State of charge | C7: % | D7: =COUNT('Stage B - V and I'!E21:E103) | E7: =AVERAGE('Stage B - V and I'!E21:E103) | F7: =MIN('Stage B - V and I'!E21:E103) | G7: =MAX('Stage B - V and I'!E21:E103) | H7: =STDEV('Stage B - V and I'!E21:E103)
A8: Demo - Temperature | B8: Cell temperature | C8: deg C | D8: =COUNT('Demo - Temperature'!C21:C105) | E8: =AVERAGE('Demo - Temperature'!C21:C105) | F8: =MIN('Demo - Temperature'!C21:C105) | G8: =MAX('Demo - Temperature'!C21:C105) | H8: =STDEV('Demo - Temperature'!C21:C105)
A9: Stage A - Transport | B9: Terminal voltage | C9: V | D9: =COUNT('Stage A - Transport'!C18:C168) | E9: =AVERAGE('Stage A - Transport'!C18:C168) | F9: =MIN('Stage A - Transport'!C18:C168) | G9: =MAX('Stage A - Transport'!C18:C168) | H9: =STDEV('Stage A - Transport'!C18:C168)
A10: Stage A - Transport | B10: Current, signed | C10: A | D10: =COUNT('Stage A - Transport'!D18:D168) | E10: =AVERAGE('Stage A - Transport'!D18:D168) | F10: =MIN('Stage A - Transport'!D18:D168) | G10: =MAX('Stage A - Transport'!D18:D168) | H10: =STDEV('Stage A - Transport'!D18:D168)
A11: Stage A - Transport | B11: Cell temperature | C11: deg C | D11: =COUNT('Stage A - Transport'!E18:E168) | E11: =AVERAGE('Stage A - Transport'!E18:E168) | F11: =MIN('Stage A - Transport'!E18:E168) | G11: =MAX('Stage A - Transport'!E18:E168) | H11: =STDEV('Stage A - Transport'!E18:E168)
A12: Stage A - Transport | B12: State of charge | C12: % | D12: =COUNT('Stage A - Transport'!F18:F168) | E12: =AVERAGE('Stage A - Transport'!F18:F168) | F12: =MIN('Stage A - Transport'!F18:F168) | G12: =MAX('Stage A - Transport'!F18:F168) | H12: =STDEV('Stage A - Transport'!F18:F168)
A14: Channels absent from a capture do not appear above. The rig declares the sensors it has and omits the rest; a missing channel is a refusal with a stated reason, not a zero.
